{
  "mae": 16.94149861040998,
  "rmse": 22.854426776281667,
  "smape": 44.24395216924713,
  "r2": 0.7755766956574559,
  "hit_ratio": 65.41266350272022
}