{
  "mae": 33.092474537037035,
  "rmse": 44.22821685148824,
  "smape": 70.91322298477468,
  "r2": 0.15952239276497593,
  "hit_ratio": 59.624956592198174
}