{
  "mae": 20.368798611111114,
  "rmse": 28.370202582698163,
  "mape": 1832.1078955051498,
  "r2": 0.5143194477489657
}