{
  "mae": 15.714054699699897,
  "rmse": 20.801626042625077,
  "mape": 2611.6131405997326,
  "r2": 0.7388918612095802
}