{
  "mae": 16.946902321644636,
  "rmse": 22.881861985682583,
  "smape": 44.21669285121617,
  "r2": 0.7750375619480186,
  "hit_ratio": 65.4589651580044
}