{
  "mae": 16.946902321644632,
  "rmse": 22.881861985682583,
  "smape": 44.21669285121619,
  "r2": 0.7750375619480185,
  "hit_ratio": 65.4589651580044
}