{
  "mae": 16.94149861040998,
  "rmse": 22.854426776281667,
  "smape": 44.24395216924712,
  "r2": 0.775576695657456,
  "hit_ratio": 65.41266350272022
}