{
  "mae": 15.355911454163373,
  "rmse": 20.105577190110886,
  "mape": 2323.845577232638,
  "r2": 0.7560735302804737
}