{
  "mae": 19.13523158131761,
  "rmse": 28.18415802425253,
  "smape": 45.39608227206629,
  "r2": 0.6586991130352887,
  "hit_ratio": 65.75992591735155
}